deployment_id,cpu_usage,memory_usage,latency_ms,restart_count,error_rate,deployment_status
1,67.45071229516849,85.99033154879004,159.4893035015371,2,0.19835427878377826,1
2,57.92603548243223,78.86950524369153,191.32887975706893,2,0.011674685271582004,0
3,69.71532807151038,65.89445554880261,152.45480474000232,0,0.10475688777796056,0
4,82.84544784612038,55.295948334416394,181.52230822165757,0,0.29791038144642373,1
5,56.48769937914996,75.47334970420386,86.38311998277285,2,0.06675330254405287,0
6,56.487945645762295,70.90228078132624,212.7976224423763,1,0.24323477124266477,0
7,83.68819223261087,78.42789830041599,200.07232852173345,1,0.11156107431452734,1
8,71.51152093729362,74.52757702522955,150.97468213590855,3,0.3853337979357022,1
9,52.95788421097572,80.74329072979003,239.5547401059443,1,0.12823225258702578,0
10,68.13840065378947,56.97147182659148,256.2542082575935,1,0.07859190108803571,0
11,53.04873460781307,84.76091098451488,103.54640813786155,0,0.05705428171216735,0
12,53.01405369644615,67.963994070386,154.23651328602716,1,0.2695258185601017,1
13,63.629434073490515,96.12891308937898,153.85145901276212,1,0.062062017882994,1
14,31.300796330133032,54.66218272865648,143.6058139334681,2,0.17891796722241812,0
15,34.12623251230451,91.03945704747875,249.76849051590492,1,0.6067589266612549,1
16,51.56568706138541,67.96866175193972,188.3704316736318,1,0.10786974434127689,0
17,44.80753319498364,55.22872994578327,184.12910952136335,0,0.465991981925832,1
18,64.71370998892911,57.741712489185176,79.76825813559479,3,0.28072269780613307,1
19,46.37963886718184,60.1947903770852,238.1250818125536,1,0.19183177849804858,0
20,38.81544447997062,71.36248919602875,125.64449630879164,0,0.12561268198486947,0
21,81.98473153382331,72.8425323205325,203.5959578159797,3,0.20598192642308796,1
22,56.61335549270196,56.394499940921314,216.6426162774915,0,0.030808414138777586,0
23,61.012923070318855,64.63468111608526,281.63951575031905,1,0.07863496671028525,0
24,38.62877720679815,97.13405537917795,121.47077605285328,3,0.10950890081647029,1
25,51.834259132122256,90.91314755151066,50.0,1,0.35164453589729244,1
26,61.663838845647994,71.54485504511048,211.03097268522168,2,0.29720467348720875,1
27,42.73509633866546,65.570052172523,308.0306708906512,1,0.324946524966274,1
28,65.63547027518509,66.80046990077392,274.33678117636623,0,0.04642076714040357,0
29,50.99041965121793,74.20276959095625,212.57956491647755,0,0.11636375884683257,0
30,55.62459375310085,49.658111522023916,170.50182886207716,1,0.3709119562486651,1
31,50.97440081655905,61.139351938649824,248.42735579823864,2,0.19251505348099765,0
32,87.78417276763406,39.97123889183616,141.5872280177319,1,0.4422660601024029,1
33,59.79754162893099,70.98834683907918,228.58146616137316,0,0.05419094794620273,0
34,44.13433606566149,74.70793909554112,230.3282095499976,1,0.09584995914693854,0
35,72.33817368154783,57.75220306550939,263.61259444993277,1,0.331065527133969,1
36,41.68734525043467,88.6098014493505,365.5796023346646,2,0.12130313717946614,1
37,63.132953925071334,46.61351505496488,223.54495803072604,3,0.18611119030755247,0
38,30.604948141803366,43.0343767968527,169.46218245755009,5,0.22667830208253453,1
39,40.07720926652354,68.36677727839958,198.46554126848034,2,0.30654704303496244,1
40,62.952918538036855,80.70647453918232,93.8554457066529,2,0.10569071977331058,0
41,71.07699869993115,90.25891537186803,158.3172121346565,0,0.11656570305237211,1
42,62.57052421784956,58.1167360569659,175.44305371321377,3,0.40784304647465885,1
43,58.265275764176394,81.18021250146944,168.55469612392446,2,0.44038729912566,1
44,55.48344456616067,64.42237295748939,209.14129232202333,2,0.21106470247733725,0
45,37.82217014448859,62.41059050088771,150.65480405706796,1,0.289806758453684,1
46,49.20233687407937,78.25489906230008,267.26184003946827,1,0.17740445804938137,0
47,53.09041843560319,74.78484317620129,200.0124238950918,0,0.11406625533260763,0
48,75.85683339328374,41.35411764523626,199.44198073168315,0,0.2825610656775962,1
49,65.15427434352692,87.14810524588844,180.32631700922494,3,0.14747175875173874,1
50,33.554397669558995,85.70137031221176,209.31144103153875,1,0.2044854474851153,1
51,64.86125954092192,55.61655947735706,249.5058958800581,3,0.11770744903591358,0
52,54.22376579375525,70.93705300156114,147.972187057346,0,0.2536125288314192,1
53,49.84616999541062,72.41045279424108,160.5130106554846,1,0.1061173666969452,0
54,69.17514433261302,68.9101064873586,181.77643827340012,2,0.530396438013624,1
55,75.46499283743927,56.7454226923187,119.2477445916071,0,0.19269519933245635,0
56,73.96920178674299,54.92564948092922,150.84452841671015,1,0.2622120205566505,1
57,47.41173715166042,64.61668893512832,171.42674758732045,1,0.2483335591719365,0
58,55.36181436223178,82.59093528889048,252.46335084276365,1,0.0630531821200003,0
59,64.96895147105346,73.15400231891648,215.7536797401155,1,0.2213502534649695,0
60,74.63317690683539,59.44078501870841,211.61539468205265,0,0.18613014687155396,0
61,52.81238643232065,76.57548065972517,251.05387773007834,2,0.2647554235905847,1
62,57.215115350042744,22.27186069054887,191.7576926960362,0,0.14941512940017374,0
63,43.40497538990958,82.23148550558156,223.42789099573338,1,0.22459893201064854,0
64,42.05690063878994,38.904293318328506,193.80669482405023,0,0.03577914929276194,0
65,72.18788733591298,59.563385878953014,215.9217409639777,2,0.3592896204238173,1
66,80.34360042856234,48.20495158060784,165.03448054330508,0,0.3378145114882762,1
67,58.91984817629499,45.57977786418641,53.67097050341425,0,0.34141175180786243,1
68,75.05299346838036,82.41240181067779,191.94325026882174,2,0.2948886151011766,1
69,65.42454037571451,57.98448198032163,285.3648881659964,0,0.07513426283031595,0
70,50.323203680923136,70.19755822596073,255.57292413449554,3,0.30636789014041155,1
71,65.4209340826262,64.29619131681224,257.92384907547023,0,0.23033089197854326,0
72,83.07054849698955,72.15561240834683,274.16784330837305,1,0.28898637669482974,1
73,59.46260941335073,66.15232836590383,205.31945545768625,0,0.03051693632099605,0
74,83.4696548372101,45.755116637171454,211.83894244433574,1,0.08815639430630562,1
75,20.703823438653835,79.94400229170711,162.940886273939,1,0.12155663146656286,0
76,72.32853756562835,57.593651252580315,181.035628638377,0,0.3357925331145479,1
77,61.30570602357257,41.651271520103734,236.94626898626848,1,0.4957269407995878,1
78,55.51488974301199,58.578272585511314,272.233066230129,2,0.2189969372906703,0
79,61.37641164803254,87.51139685951466,191.63322345914003,1,0.13280782715692024,1
80,30.186466280986608,77.7533261317024,172.9886441089153,2,0.09002588349232714,0
81,56.70492168243732,59.77021798388211,200.03167753139584,0,0.11041832524028801,0
82,65.35668857267619,59.76113443522357,236.07240493574687,2,0.10055800357182765,0
83,82.16841067112274,60.17547423173926,113.36871103198749,0,0.17033165362226085,1
84,52.22594672589529,96.15121975341262,62.22914281176571,0,0.1193763877793189,1
85,47.87259595660218,70.7290317834733,166.967789030505,2,0.15889565136760447,0
86,52.47364434623195,71.45062470786604,126.75725444515048,1,0.12074140812840595,0
87,73.73103176553111,80.45425181047763,169.51158814116135,1,0.01984619193972789,0
88,64.93126664489526,68.5818373853977,191.13318087095172,0,0.2648600796635561,1
89,52.05359694349442,61.11436781268945,172.8050954586192,1,0.2521762032503562,1
90,67.69901149670034,62.05475226372533,287.14805206824474,1,0.15972596791278548,0
91,61.456163240220604,63.92598110878904,219.6046858761392,1,0.25268930186105654,1
92,74.52967485799334,64.44166645235238,218.0284615766497,1,0.06773138743807407,0
93,49.469203591839715,75.9144431545547,237.3324286426041,3,0.4144972402530703,1
94,55.085067801033475,65.77918828710949,131.67001293315386,0,0.3091570122816051,1
95,54.118377703017636,75.98960115823368,262.3467072452161,0,0.18286896457537397,0
96,38.04727577801822,63.78925129837126,195.45414280787242,1,0.11447672783929,0
97,64.44180415596864,66.17952785474137,240.22883703447275,1,0.3251727457601479,1
98,63.91582908269834,35.026989732018386,135.6885660175907,0,0.05712197113249149,0
99,60.07670184963691,78.74491512053723,106.77447403903614,1,0.2040188775383445,0
100,56.481192999372794,70.19732713846989,249.07337948150172,0,0.07595812265457184,0
101,38.769438869243785,79.97015164789478,222.584571565851,1,0.3657801798649828,1
102,53.69032015851961,21.556169327094658,145.8769067385494,2,0.032756724244913396,0
103,54.85928225209846,96.32562057171091,147.82021512351832,0,0.21372321840629638,1
104,47.96584096167572,62.90615557767239,267.52608706488616,1,0.10449994671881943,0
105,57.580714325009865,81.62274225106275,128.63528642796032,4,0.2740492887531634,1
106,66.06076285221808,49.401411093117034,298.5603771953578,0,0.12974903316215394,0
107,88.29278851815795,74.19160857593855,145.9627559211279,1,0.2076163661151452,1
108,62.61866719247759,49.198766552395156,238.30351553650297,1,0.2264020803125142,0
109,63.86325586084146,55.64346558956292,180.28289145506093,0,0.1938005882683355,0
110,58.883311263507494,93.71047030800179,236.19124586494058,1,0.1444667415826028,1
111,31.21843177051438,62.1397639885498,167.35315987314846,4,0.2772984855921627,1
112,59.602291868261744,68.26149309769585,190.23242563566234,1,0.2574197753905952,1
113,60.9034531491154,78.05101596033131,202.45515052374327,1,0.1811283340997592,0
114,96.94863168727929,72.43522831958907,139.86875265311164,1,0.1930949919263327,1
115,57.114585528283165,67.25628357715365,244.44946072520756,1,0.09193607524663516,0
116,64.52321013500419,70.47441503699338,169.2071860117049,1,0.2086051944504846,0
117,59.47932345442135,100.0,186.2840050795989,3,0.13603657075825343,1
118,42.46982943570702,64.13571804449622,140.33903752348925,1,0.12216556105527149,0
119,77.14234221772531,68.01648570072452,50.0,1,0.15666187271265755,0
120,71.27899549030161,80.75981594011418,188.53833424398985,2,0.09670883619533793,0
121,71.8654792056457,81.58288899436975,344.75692529677497,0,0.37619315239432344,1
122,46.35918817807892,82.8054545834057,247.07625727388142,1,0.056710414691427055,0
123,81.04191466404149,74.58095333043777,198.84437721593633,1,0.3005501369845644,1
124,38.97223405811579,47.854926309042746,184.22655024750395,0,0.06876879048970636,0
125,68.80285640700406,89.50147298451644,201.34795356872277,3,0.4417581145134675,1
126,92.85683438714968,47.804819104719684,232.8271469105126,2,0.059005796455609875,1
127,45.14195512303968,69.5395319785855,129.1512310814693,2,0.09913845292955288,0
128,51.50553405595842,53.68586224970963,266.8593016801323,0,0.4418059297258389,1
129,61.49477047631462,64.0379248011051,242.92287892647465,1,0.576867545396484,1
130,52.44786518825701,69.9314361545522,243.09114354247606,1,0.21925147403380915,0
131,36.74004853400801,69.8203582317541,226.30854432858365,2,0.287802429324006,1
132,61.02844462209041,71.32881131352927,201.17699946163938,0,0.2494072637696555,0
133,44.06544429410843,89.20566903587971,240.3716741580092,0,0.10089303334772041,1
134,67.10388645952773,71.8030145227097,235.5088480244827,2,0.1943104954612685,0
135,46.20863648649295,61.33765047064027,178.75755734353856,1,0.2189850622111336,0
136,83.24901607526309,79.46130752432536,165.58389362618595,2,0.024442440859935844,1
137,48.251200614956446,82.8420573338696,206.11137771571921,1,0.2623663301773749,1
138,55.16907725691487,46.58588277294511,292.94120908971126,0,0.0776563904046276,0
139,72.20275826054504,73.96100104774787,125.65357546076595,0,0.07675754000285272,0
140,41.53703525349067,75.51759113466348,111.9484840548536,0,0.10657704135580921,0
141,63.41189901906194,60.53654744960012,209.885650474191,1,0.3304105055868777,1
142,79.60714131423643,85.6356021996743,203.05326211136108,1,0.14943984974451094,1
143,35.88775148158159,62.7491661945121,210.40049986222448,0,0.2889430107107106,1
144,62.769507877984566,66.88364680207313,214.63719187451002,2,0.2800499283490156,1
145,63.89824191372635,62.40392263574196,186.60786472191168,2,0.40495429227934326,1
146,71.72734307665965,65.23368571372201,289.3918063161249,1,0.12487487939711493,0
147,41.44573933682877,48.55587369657197,103.94576129140907,0,0.17873951639614513,0
148,40.193150803735854,43.39923676108559,150.29017851318525,1,0.10574922603423197,0
149,67.82912348425347,88.91757594837458,193.80471439105716,2,0.055070438234052055,1
150,64.45477009849779,52.29557977522508,101.40867133074997,1,0.4043651301970956,1
151,63.75739275518815,50.129114758155396,189.44873573407574,3,0.21567283171802684,0
152,65.19672314245463,32.699148295944276,299.6882099436811,3,0.0955581698842945,0
153,49.79962917632264,55.41557378465747,201.2531892977577,0,0.09197971999778783,0
154,63.48380545741505,45.153653098887524,213.84205434312102,0,0.16946781113023773,0
155,64.39608709948021,89.63022740204553,124.39011408964518,0,0.4129738347638466,1
156,49.28472872960448,80.1472563401395,163.01831551763135,2,0.41463372321206315,1
157,87.98661766717134,54.67774482233414,177.48821718056377,0,0.4445047122508889,1
158,67.10749381367681,98.78653708016463,180.93709419462596,1,0.3486528171913523,1
159,42.13044754196027,79.72648230487391,276.89862770022614,2,0.2041297299675097,0
160,69.84830412950744,60.12752924737066,233.46146364350747,0,0.4020795936131879,1
161,45.379774946590175,27.508914276896405,133.31252258377808,0,0.2542682909846391,1
162,71.80626905613678,99.36413858886112,214.7902867059203,3,0.385436036037795,1
163,77.37893368511106,44.15641299854606,229.8933049098071,1,0.35232782166436044,1
164,47.68976522472434,40.31901879564663,268.408942311276,1,0.1016279221531957,0
165,74.45064193866483,80.3385564801446,294.83244119410244,0,0.3611163922167835,1
166,66.19171390404748,100.0,139.0943484903279,1,0.560861800549313,1
167,72.33090239991735,85.76409227765777,151.34854932737971,0,0.1064610006355662,1
168,88.4518947398092,73.4586368007854,124.54532846512302,0,0.09636202022979479,1
169,56.31917825995694,73.92131512497929,185.95880845358113,3,0.26449150100454,1
170,48.693957534637654,77.80123338170462,227.98150246678006,1,0.05343345539825534,0
171,46.65728355561715,76.38392884680148,259.2400709953461,1,0.34652768295101033,1
172,47.762845725518424,69.21787135954064,195.44293858144863,1,0.11377283662216181,0
173,58.843474358788434,66.56301655927814,180.80914860470938,0,0.34526055388613747,1
174,65.11727962224965,64.06110308150717,209.10547953492443,0,0.2508160216495266,1
175,64.15036198995028,53.690531166999854,149.89142590219862,1,0.16944630284822831,0
176,72.40774873554035,60.78987384699839,325.3723233016864,0,0.37897668751173436,1
177,60.19502837816861,39.605647787069216,103.54033837291648,2,0.18690794258353216,0
178,81.80301115735975,63.52490559807875,211.08443473374348,4,0.4001008694822168,1
179,56.03014750143066,50.17113339273624,321.41637315377835,1,0.20567926135103626,0
180,100.0,48.44616024176344,200.40799067359987,2,0.16732048060809154,1
181,69.3850102164751,67.69841226730217,188.59765789991033,0,0.12459067942847049,0
182,47.14263665375576,85.880034295169,178.55327463137436,1,0.16882052365501948,1
183,43.93661252908332,78.7747490900347,189.17649909425552,2,0.20705999632955888,0
184,67.23708622864778,41.442490945652345,282.3709084805918,3,0.3724296722213517,1
185,56.64805822011223,50.15557795144494,67.28828532022959,1,0.10969670733749572,0
186,70.71000741138138,79.11156781982324,292.00602207777956,0,0.0949657049121933,0
187,67.09856436860318,50.26268909692536,114.5625708529913,0,0.10423498163959122,0
188,58.90756631014691,61.63050275004463,184.00086024593512,1,0.2726286090366277,1
189,47.29809422897392,73.25078148536828,174.2453347820803,1,0.18910184516971676,0
190,37.27729162971203,50.47483317704547,235.31319618624318,0,0.21347067259987781,0
191,53.302275718994686,66.5806325921894,104.11253888697514,1,0.45171984752654515,1
192,72.84598191485209,44.989617576226934,227.73035996491657,1,0.10640456806075957,0
193,63.21140616195306,55.9794853407318,321.4585773972111,1,0.23695885865651778,0
194,41.31391831932018,69.79672901213806,118.20955972443137,0,0.30845275395261595,1
195,62.59771388776773,41.105093997024966,211.38237005662373,0,0.25052034659556577,1
196,65.77976069593255,71.60712106940599,160.28106933220346,2,0.06363932937366852,0
197,46.74213845698301,64.70543301609978,225.55323237158214,2,0.3495551940166327,1
198,62.305876589182915,73.28734931625722,201.14886664494512,2,0.26521260490894627,1
199,60.87313077669,68.35871201096992,161.51078545734143,1,0.09497057348292141,0
200,42.85544553254066,85.46210644960766,229.27233709226445,4,0.34632932014782863,1
201,65.36681040522424,66.87836753971861,308.2608865872046,1,0.05813165515204512,0
202,68.41176789552351,58.558916883121206,188.54577249636208,0,0.04551385701811951,0
203,76.24576864762915,66.83446254548426,243.18547652889092,2,0.20663968495174573,0
204,75.80703078052355,73.14947043554582,122.40362252773018,1,0.1473106350160077,0
205,39.33495948064363,65.73290105488556,142.61381739091948,1,0.16401930662242034,0
206,45.93262440127316,65.60887536805824,228.34437667282265,2,0.34001298226795423,1
207,67.7255290081299,54.47012468289867,289.0469617121579,1,0.27303620175492793,1
208,67.70678926368313,55.05648623673578,221.3368009271396,2,0.2108453812196057,0
209,67.72571529459071,43.96092092300459,181.21651816861075,1,0.027286882215095398,0
210,100.0,91.24365114780409,199.95748432540125,0,0.3440736974296323,1
211,68.5633576603975,46.34205146913072,124.97553596181695,2,0.22438736190304384,0
212,77.03348460270898,54.60642203306139,236.270919581322,0,0.24705491895227574,0
213,74.31002645239803,54.22389101646204,252.93998373940454,1,0.012092740324590562,0
214,69.77086876958697,78.42386565416662,172.87458003001518,0,0.4522615535415541,1
215,55.27096133039482,60.57575482561958,171.7974711344299,2,0.15408429035174212,0
216,71.38453830739901,83.716131090106,215.9526937791229,1,0.04027956494318898,0
217,48.40762178193643,54.897640636341976,173.79681583756428,0,0.4689087700270802,1
218,56.44772089889987,69.18491243335703,196.03204312245066,2,0.10841270691686393,0
219,52.71954678256345,52.46979420110364,325.9833073499909,1,0.4137814054417478,1
220,61.22811209079484,97.17723691660083,185.1784579552402,1,0.263702193681933,1
221,94.71987850010262,47.18602371455731,178.49959087872668,4,0.20660836790940515,1
222,31.99102211112378,69.64731065340541,161.14749166189046,1,0.12901231505770722,0
223,70.2939028556177,74.50665321398148,244.6515182899962,1,0.337027736566203,1
224,35.80926193215522,71.20698646177247,189.1265496069138,1,0.12893888238984164,0
225,52.9210220131585,62.220685116834375,161.03761770071443,1,0.07429230822724545,0
226,76.33425895451049,63.05268950399861,279.2782419363807,1,0.14211775015468078,0
227,60.96420028643194,65.65717207968665,285.17618027081824,0,0.27647786767626936,1
228,43.83382833106041,62.79496997557267,163.9745860556777,2,0.18864381189647844,0
229,49.27044436110047,79.45818675192365,88.00760291836302,1,0.16453444851208912,0
230,70.19396623402014,98.15784502387027,260.4508213902153,2,0.16926953805058859,1
231,49.04450052424295,56.637623224882496,158.92221045439976,2,0.3993886075951583,1
232,63.246878843729625,44.45295530631383,247.43753594976613,0,0.09954490400604887,0
233,60.68357759855721,63.67576927473118,81.79377093728986,0,0.27171343552622657,1
234,50.22599478591275,100.0,253.55584029795855,0,0.4276033623895044,1
235,92.15916133987989,52.944881480454036,127.32968424315312,1,0.3120742502007401,1
236,69.50878533477017,89.58675208166102,243.84584714399148,0,0.1145068438224573,1
237,29.622861200135894,90.1655122111466,200.85638407018604,4,0.24232657164663388,1
238,62.796814721541416,56.69617637438008,142.7636348362013,1,0.4133947443563838,1
239,50.07320302847418,73.53474618777913,175.57782122439318,2,0.12883058790980678,0
240,72.78650002194335,89.42594934692806,241.17910741740207,1,0.18460311759956596,1
241,48.11218892350949,59.313083885187694,206.35366718691407,2,0.22868665954330253,0
242,58.278953377996515,61.946294598464576,235.06477882834906,1,0.16873103467584952,0
243,67.57480918470685,56.274786290770344,318.58643507092916,1,0.08808351225702489,0
244,72.98632791255181,49.778649039607,106.14550329733692,3,0.034037693032672324,0
245,41.99555389416336,55.26083682400989,297.03275449811747,2,0.17754989969328333,0
246,54.98248146238578,46.64089599856615,206.26135625139278,1,0.2987594629871865,1
247,52.87582033258566,65.51125202388839,146.0729571006123,1,0.040562141437432905,0
248,50.200061511394324,53.450401534120374,120.1811824556606,0,0.25894626933107856,1
249,86.48181360421646,68.50678867686122,188.65277655337798,1,0.12726121717399053,1
250,66.07472566441433,41.66156530694559,255.29900671546756,1,0.2255801025407809,0
251,41.08674068497432,69.96320348321686,192.34705277734795,2,0.2594100456337896,1
252,73.76792920582164,77.50293442413387,290.66929581484084,0,0.10105228880817371,0
253,91.8323429551895,35.09396536142817,112.92945859690647,1,0.16048274654575212,1
254,75.4869789082672,70.61084854771359,199.27466312923673,3,0.25428641888035974,1
255,37.2094505106898,83.41503488709938,124.85639333521286,3,0.28348187411904036,1
256,52.73648890700623,46.855384719631914,221.81791295749807,2,0.25147816908782544,1
257,79.00366723779933,90.08858580256555,253.21324340583803,3,0.24043130371192997,1
258,49.38495801571829,71.28528514049067,174.7542923791368,2,0.30119853737672597,1
259,66.65729142219342,54.424822163623865,50.0,0,0.12193201782056429,0
260,71.61951080144006,64.16346383513441,211.93688880778967,2,0.03082476539438144,0
261,46.09604292632876,73.37490368782584,226.20431310401057,0,0.5204361723118316,1
262,59.107119659073,66.14008087118617,224.25768529770187,1,0.04204577421289721,0
263,11.380989898963911,73.08133988669553,274.14693150932925,1,0.1144026335791794,0
264,44.63418537998565,51.1898961038095,135.73677922105708,0,0.20842095197503582,0
265,56.2114777291026,67.54041236054117,240.81296632702697,0,0.04266039826539345,0
266,41.28325227052726,43.79428254642529,271.5504507486785,1,0.08307616069252034,0
267,84.48616955897452,63.33160907976949,93.28474495960899,1,0.38239697040425574,1
268,38.54787933059051,51.44138537802815,219.17910955513864,1,0.4384521519545512,1
269,53.39933269954524,53.9670508611535,169.7492101395397,1,0.20130113103312913,0
270,61.96110865929137,83.54139762815656,195.10863961390123,1,0.28089287500913146,1
271,81.61909933599173,81.36965180891403,220.86058901230018,0,0.11075954249693883,1
272,38.46206773230841,74.13707181360766,170.76628615318685,2,0.4683748269882557,1
273,77.4474562823244,48.61530852991132,159.4575152503033,2,0.16744580565482567,0
274,60.1534959152938,60.25387325457797,202.04914504928146,0,0.22854653066166794,0
275,45.27737023428074,83.19646549968775,134.76524366823185,0,0.14507957136191216,0
276,66.93155211394907,67.12575370459857,134.85049226688886,0,0.32956549434014415,1
277,62.98589543360205,99.7899430997254,240.7623969773902,2,0.22088057662151847,1
278,50.99674684261808,70.89976759091557,131.07235789048065,2,0.45126001129874665,1
279,61.04703127485028,67.88073674735047,239.9787500545527,0,0.21801399136507538,0
280,54.220296047073596,60.363253036962476,227.75547757123707,0,0.20798583417341637,0
281,61.70276017876872,67.00311357173423,96.4515962725642,0,0.2676395414416016,1
282,69.9319601178157,62.712952454291845,159.3461208598607,0,0.30629831362290705,1
283,83.79025224218029,75.62163015032885,271.6465641828423,1,0.1532523460775595,1
284,41.43276751759726,79.35053475191876,141.1300681316191,2,0.011282788917856707,0
285,91.995500619844,53.21015809238076,172.13574426143674,1,0.24265516361980993,1
286,30.718683007162472,45.03150569663333,227.72365359511377,1,0.18981206838713965,0
287,57.72322357446625,37.456919403450556,247.00343055695572,0,0.5460550407369167,1
288,68.82475809726864,72.61986990368815,184.90766683733025,0,0.23365296660658627,0
289,64.2148780160255,48.449500907391894,164.1493883185015,2,0.25303213858053014,1
290,50.659507202691096,32.706641105712755,285.34219170191045,1,0.35680343524611313,1
291,56.87816624464087,70.82867906796446,304.3339798278547,0,0.263949927713324,1
292,52.604985980117505,100.0,258.7314830469077,1,0.09263064621260969,1
293,51.15952864583683,64.9089363269016,205.11908855390143,0,0.21076062357701178,0
294,72.74403145531537,77.57736161677462,151.5040567015444,3,0.2578795001859743,1
295,65.35523228947571,66.22744037821347,150.1733356066061,1,0.5824954153396527,1
296,49.60635607109019,63.51665520213286,231.35084631594546,0,0.5832707175114843,1
297,73.49399813149876,78.78614724481653,225.10389325332102,0,0.18423723389925545,0
298,64.60949281314915,60.64588183717023,284.0959155767858,2,0.41554930555371694,1
299,72.1929317825844,69.01088471107855,239.02700555216836,2,0.16612805309913312,0
300,69.44443262885419,69.8254670929402,109.81518189441093,0,0.03727861007679546,0
301,47.56507483616892,54.978643195354266,263.1168570633751,1,0.10403790188720405,0
302,51.597284397045456,79.88063524304785,140.11636236113523,1,0.039346778456280804,0
303,71.20940407684893,62.37560364956887,176.96172368285892,2,0.3298411309751936,1
304,69.15555398150197,53.66382260760733,215.01201237510168,1,0.17769003481042808,0
305,59.68647609053778,73.04764765355606,319.74004938703786,1,0.26774151051115425,1
306,61.75991074963173,51.52298027313444,386.59511336032165,1,0.44658545297572827,1
307,79.16497343682637,65.42271736053692,236.40338354817095,2,0.27179259960025715,1
308,51.12642916746255,64.86321505033695,189.00820287677672,3,0.20580914618458934,0
309,68.20646071755057,81.28843348747367,232.070338908833,1,0.10073988581366267,0
310,56.96711021349159,72.12047349319928,253.25932555243017,1,0.05411982572598861,0
311,56.73478195159169,64.62459561882284,180.7599424665685,1,0.154258858388593,0
312,76.48165277980786,77.26649448800431,307.71268135473935,1,0.16108911431988782,0
313,72.38124523482045,85.8531132352597,213.80424555148412,1,0.1946776273997175,1
314,72.20264454000957,73.36715459527794,229.86458534548365,0,0.21693995170434466,0
315,79.58218210731494,65.15528929765071,239.95545512326768,0,0.34827669661709737,1
316,60.31505762449139,45.32245651474761,225.29519663686733,4,0.1238946793227934,1
317,70.22929456942445,49.02329505386941,250.33643002817672,1,0.4194945530030785,1
318,55.34599865109816,60.421629434679986,162.96480880718462,1,0.4225416098187272,1
319,64.86249528732664,55.85731696761076,166.50189476323817,1,0.3249589721620624,1
320,58.047854184484734,62.19543045521831,133.9907460216983,1,0.007227004847540267,0
321,61.45493947489077,65.8497488734566,226.37007383721357,1,0.10322818625383638,0
322,68.92735538155371,72.94539131535096,246.73619021072685,1,0.16656782848963117,0
323,47.726689751497915,63.94251832911363,227.46637196911314,1,0.18532790406533262,0
324,91.3858091352819,72.29752465739303,300.46954600085223,1,0.14442458050875479,1
325,44.90973927750447,65.9671162221518,199.6642388702572,1,0.2747789762201862,1
326,41.787170808184015,35.36800150469193,240.12449933555075,3,0.11395438187692085,0
327,77.37166310250102,50.90996909271868,134.49794743164114,1,0.20679129839985408,0
328,71.87494040944404,62.83868666417577,176.77401785153594,0,0.1022767531706808,0
329,69.36179725578234,46.85457885738339,241.73226545394664,0,0.11086108568272258,0
330,69.4251826389642,73.99893094994307,250.94612664458865,1,0.10112302796559089,0
331,59.81629840729628,87.96126248515546,182.36198314014905,1,0.2895496612105983,1
332,46.54118442771252,83.28142777545975,195.704044888516,0,0.3842868820092977,1
333,61.137068372905894,61.79835693604688,108.92757519915143,1,0.2703062459709253,1
334,49.842574327318324,87.36089205274928,178.57824795160343,1,0.1625883820887507,1
335,74.62679600126627,67.23001185803167,253.42298981118716,2,0.3734653018759368,1
336,57.79413927746792,59.94371043322941,234.51230096639398,1,0.08973899168010507,0
337,47.61754204811233,55.7989600468859,230.03994328287257,2,0.2262480752412257,0
338,55.1792123752051,60.462954702678076,202.98642123085762,2,0.05584607190634088,0
339,66.19397181413436,59.17734772188157,200.42378951769058,0,0.037869124982630224,0
340,51.54413170794038,67.55624333563232,160.38073163159316,3,0.07078114892894563,0
341,47.666694066503524,67.40860971574797,241.9297052121521,2,0.04744112175261214,0
342,63.65530817237868,65.04569030230121,225.25837666336338,2,0.14530289913251,0
343,63.674498566630845,71.55407254619524,229.52113087956795,0,0.4362723389199284,1
344,52.39585236943305,82.85969412179512,168.43790943994517,0,0.10864664804661174,0
345,52.93442541572516,79.24331203161985,70.79942480772533,0,0.24975866871811084,0
346,63.480749060364545,42.726530473251444,265.82916270522173,1,0.034497488238078605,0
347,38.27873487754014,26.691182976470678,171.26975263949575,1,0.08953143810290212,0
348,38.888043384351676,79.01479866858911,148.23345415741278,1,0.07348482323745373,0
349,49.22333668121346,44.49681952376868,241.6087347148396,0,0.13371032392469898,0
350,56.798292724322295,61.62851897160975,176.47924160485223,0,0.1290717903386139,0
351,64.66361348397007,47.448304609109606,263.5961830427973,1,0.27553203068483706,1
352,82.13034325424329,37.970293436299706,237.02035697460184,0,0.4166154772520489,1
353,72.86489434803029,73.12194092307182,241.01415939202866,2,0.12582791862401638,0
354,57.60092205054859,76.3873274045397,118.04265732796794,4,0.048077032631517955,1
355,59.71475688145967,56.35234398909921,272.716639123184,0,0.3223709595316014,1
356,44.96205953043287,26.134365617826354,215.67503187403136,2,0.07450422052794936,0
357,59.72230296011415,56.806333276212754,177.84337164522782,4,0.3579036300419978,1
358,55.670120416197925,70.8770600810382,208.60330804053507,0,0.21185345202333616,0
359,64.84077840507135,42.81632646838807,93.4258860261008,1,0.07176258134644517,0
360,47.59153584671515,67.75039879668734,224.51916868884024,0,0.3845236374134908,1
361,67.79019771361759,64.77035226240507,138.2377095090757,1,0.45488848730969894,1
362,82.99108369503867,73.68937249401633,118.83978284938793,0,0.08431751114408212,1
363,58.36859777314714,66.79370552621229,108.65844882692653,0,0.1511889518856566,0
364,66.02567583148412,50.40396588677667,266.7613024993955,2,0.352161798258478,1
365,70.35215987566669,82.94857252496737,162.24419637843266,0,0.2740509341144734,1
366,53.98169292171246,62.62205640459545,292.02366259498996,2,0.3065008807355366,1
367,63.36138722715625,64.59043190735102,167.85191221686213,1,0.148675253529366,0
368,60.18888601172692,51.00098061390206,97.5585225444232,3,0.16905879558008433,0
369,61.465141478232475,58.35076623212734,133.00853360308045,4,0.1517993895157756,1
370,48.404853242168,51.727959289596484,274.14869720041634,0,0.06584387070586362,0
371,60.36765261388414,62.405809101148655,190.64610932379995,2,0.2876866949255054,1
372,67.46997436868175,90.67562720213516,167.10276221056395,0,0.33516496919018446,1
373,81.76715411692562,44.421482856029655,209.60109355116725,1,0.1957993208627206,1
374,74.3890623912781,40.79657903184888,230.1069641700527,1,0.03902374849033,0
375,92.29773686267335,87.06755491240412,267.04392895414765,1,0.06328002688831806,1
376,48.489786556679256,61.86014484272201,286.9099537935756,1,0.3453776789818243,1
377,73.08480955081018,54.963908920101254,178.41388125265485,0,0.2050824360046429,0
378,62.75013008607527,80.59857031094114,120.4371388350777,2,0.3057102355832496,1
379,92.8470439982651,55.91576690394704,175.19209033260344,3,0.3056369399670554,1
380,47.87552571967273,92.39014570320404,215.61683039497316,2,0.3384646495820886,1
381,47.40417236728836,75.16888807008904,142.17446442736335,0,0.33425020256115645,1
382,51.009110318339665,57.68132887781446,142.57094510629742,1,0.19614211467433337,0
383,28.141564135352898,97.35962319898255,220.62727289299312,0,0.11561982861885596,1
384,52.113674674788584,55.914276154949924,197.08085890577294,1,0.24580307160683681,0
385,48.61301007669453,76.13143058013961,201.9678197246952,1,0.17000793630223573,0
386,62.25590679714311,69.48938870609737,154.49027991799585,3,0.1338739201373574,0
387,65.12633963665739,84.52611934098198,186.17595714765395,3,0.19484835950783716,0
388,88.14256258823829,88.42266795090279,144.54601134390174,2,0.1164277775084984,1
389,74.25635757279075,65.4800622359865,253.4119046674872,0,0.04008939257336701,0
390,51.346445165063955,53.69873194480725,262.11496008342516,1,0.3753339782928571,1
391,46.52377992977463,71.89958214408675,89.22872826571437,1,0.28514431426720227,1
392,67.37878757259759,54.834269453718406,144.2293483884554,2,0.25497654310830664,1
393,40.19650189469037,95.20080871289935,110.20824469459525,3,0.047413504431913396,1
394,87.47188148781531,67.04802996624106,160.9985639355861,1,0.4106653146535225,1
395,77.69160181081931,59.52017673031837,194.99372181257834,3,0.2071390613331705,0
396,52.962365218429426,67.77020458797362,113.0212868180882,1,0.27872912036539865,1
397,34.30298206363683,44.793105657054554,144.6884112124812,0,0.35069231726608874,1
398,80.3080856124812,50.42578942234023,139.7625576751101,2,0.11045576835778159,1
399,58.28190232121073,83.00620861916639,212.43603976393663,1,0.35313344696983995,1
400,78.56724467960193,55.14658581542906,204.160660222175,2,0.32318285223490145,1
401,36.08358511808449,49.296335259770906,156.6957467997648,2,0.14498151031222836,0
402,51.00937465569341,73.04979128790929,210.60925232836388,3,0.16212679928753734,0
403,60.07865549577275,82.78556231994496,167.19919492476407,0,0.38303732753219544,1
404,60.70470890647113,75.784299659976,183.7006933804368,3,0.26217339443897214,1
405,53.249017927811344,79.94071528708724,300.4071254179122,2,0.316215276957051,1
406,69.34274898521248,53.64807367145809,280.42766310742087,2,0.33741981427813966,1
407,43.98569355926108,43.67283999887235,122.02512578434414,3,0.04502357704135864,0
408,57.8643077246806,87.5200047793323,249.78394507275047,0,0.07141985519586627,1
409,61.804434475678484,60.15980241736796,248.68379326949554,1,0.08101907292177811,0
410,67.71658251088124,61.23750475317429,131.1042026748429,2,0.22345644140183848,0
411,70.67422317133335,84.92291212773587,249.12665862529164,0,0.22456307598819475,0
412,43.13036862243196,73.3434501410099,292.27591510475315,2,0.1331101690380271,0
413,36.98828743896567,71.83831658122412,132.64731162533516,1,0.42142766991458014,1
414,79.16515232847763,97.47503517351626,144.94983073914418,1,0.07472715520481557,1
415,64.98471017969388,55.347226544297854,261.05968801061016,2,0.4187113282680863,1
416,48.7727019516517,78.91760192121856,216.28971864953888,0,0.05375572397397304,0
417,83.26727963283784,65.85519687345626,233.0885765143714,1,0.20173953669037364,1
418,61.73511951439288,69.02888418294886,220.4353529840298,0,0.03404453117882424,0
419,77.6894577609574,87.92702639618798,223.44175525568863,2,0.035441967053643594,1
420,61.01277722115164,72.61753634434436,120.41167230133502,2,0.33177494747276914,1
421,90.91121887322981,73.07444118574449,262.8390623972869,2,0.16736173976236873,1
422,86.33011263664807,81.08761005964703,270.17539954566644,1,0.037848878609279414,1
423,56.2655377728139,59.52570905685672,186.23655535591834,2,0.14020928889842643,0
424,74.57356426431534,52.4118549899149,197.39138301116824,2,0.08837587598305967,0
425,69.68063924377721,49.327862089684494,108.13354984665668,2,0.5454280402914647,1
426,80.52947336298523,35.50465115935997,230.8552853610701,0,0.3695562545786093,1
427,45.52614809129843,95.84310694910484,234.32344650284864,1,0.5032087623271496,1
428,70.29077189997659,48.451874514174754,196.26853898004134,0,0.29131739375713117,1
429,75.87636730274382,61.68119564621342,267.46120159223017,3,0.25232566617855734,1
430,33.618907703653285,60.84780050166619,179.95536614120357,0,0.08726987153083476,0
431,42.25112231001337,69.61110046713651,233.876355553616,0,0.022379337655559262,0
432,29.411517333598493,77.23605818808946,138.82013967847305,2,0.252746226910815,1
433,55.95889748333163,77.90710232539618,198.58687094754572,0,0.2909424809844703,1
434,70.76313383693943,56.25383842146592,189.53874452582986,1,0.23674027328543998,0
435,82.53535578144042,62.49317429320383,213.51847532245648,1,0.40471174711674623,1
436,61.111421706296625,69.2386992573245,177.82838426999848,1,0.11380091621793764,0
437,84.42923318356938,61.2696331072468,192.11164425969994,0,0.19505521077144408,1
438,39.29847812677663,89.1101836402999,249.5628302864904,1,0.06836361347522277,1
439,34.44926340967268,72.36462427457377,173.79414576570696,0,0.22014943422328298,0
440,59.16678451655072,76.02316679074727,103.60537395567924,0,0.3414076600148565,1
441,65.76098173408961,74.94321903001119,304.97503425232526,0,0.21777553129863378,0
442,59.509578778588605,82.60210786227987,282.88724472142917,2,0.17765188365375145,0
443,28.98836849940185,67.7153233805556,122.46423829366289,1,0.11743463596842181,0
444,58.66319940730818,45.5475207806623,241.38246831471167,3,0.29395820146867824,1
445,40.43295749242721,70.99531927628962,169.82151376691942,3,0.10456866541322833,0
446,70.04508823245058,55.22964659312257,215.80923291986358,2,0.4022394299139681,1
447,65.49897369145272,57.07074977375365,217.6534477408096,3,0.5146814736346537,1
448,45.90180320508967,73.7954602813264,185.9355319810207,1,0.10356620675198923,0
449,52.2919962399496,83.57424607150453,152.97406006481623,0,0.13431589228112514,0
450,44.11179717166573,65.31907365104092,158.56753686102445,1,0.06134839522648822,0
451,59.059813540902425,69.63249518898445,145.02848507112546,1,0.3096075567277274,1
452,74.32713480751858,90.53322416952857,150.0906675061733,1,0.04828463441022852,1
453,45.21410930496684,68.61129769232852,195.96930259703868,1,0.17245556497082568,0
454,67.56069773276766,100.0,157.0544006533549,0,0.07787588232718437,1
455,52.04613572441339,73.48264468447316,240.9231239427572,0,0.25526645872224696,1
456,48.10690751606484,38.58855861266274,289.23476932015564,0,0.27244149056572187,1
457,58.394544600681634,76.30012431656799,165.19680551779743,1,0.19623327528270823,0
458,44.47136516370939,70.71737577324167,214.36427003212262,1,0.019381952081154476,0
459,51.69526041979227,84.34629131124119,229.98110661817603,3,0.25507374145245665,1
460,42.03183161116728,75.09772026904938,228.32013625515646,0,0.02161887429584944,0
461,89.47087699374583,62.92316024024339,204.55731607496526,1,0.16052161498724318,1
462,60.52895327957593,46.635526455659516,244.56094510158334,0,0.2167442074912512,0
463,49.50411738011122,61.86465114070962,228.93493716083944,0,0.05951614644119846,0
464,63.20969866101333,52.2421931868605,125.74025466036213,1,0.09112092961027013,0
465,58.31507925463755,56.29214825292916,252.1493638633564,1,0.23087634692315034,0
466,56.685456007001655,73.82867606630914,253.23745023600452,1,0.46665731782899866,1
467,69.21250050065137,90.0485675652711,154.2028337492851,0,0.458115387365669,1
468,71.36261565070957,70.92007294734472,202.27627012685613,1,0.1641910974208955,0
469,52.04248278584209,47.06175406947224,240.99973956866415,2,0.17365438829238422,0
470,51.3627263903298,71.66904002330212,187.44117082523832,1,0.06771864244498992,0
471,55.874224542725344,82.94947229968477,264.37868286596074,1,0.07782088574620995,0
472,25.471182528966224,55.85325643520927,341.8323496771617,1,0.1870783045947592,0
473,37.27213406702172,62.989742499906235,152.84083804190107,4,0.3683428425477603,1
474,80.50311401166786,65.22032292093796,117.13732381077351,1,0.20934641328364526,1
475,84.67451570251926,53.2265253037664,218.22911573629256,0,0.09967635052299786,1
476,56.264459406654325,74.72420650765788,243.29375030756862,0,0.09476772030244465,0
477,68.6483544458365,63.18577777088328,186.14801756931385,1,0.13874787624000864,0
478,64.66875231815304,71.29298665860541,287.19563979926204,1,0.09385920180485607,0
479,100.0,51.6876173329685,119.68365201660507,1,0.06273153484708496,1
480,76.79362367151865,58.438125495148846,241.57511738189666,1,0.08816006723662374,0
481,58.0812361277885,75.83572036741657,163.6483507544664,3,0.16844855856288443,0
482,45.666893390993614,59.4075027186235,303.1626743724378,1,0.05193212747069271,0
483,35.903305196136415,90.90445776850108,319.5509211900871,1,0.03037328471741879,1
484,63.051954538008346,59.005457215780964,154.00060473299914,0,0.19388856574298122,0
485,48.654738820735446,68.37027088627829,167.0265718454852,0,0.15351527855748306,0
486,38.666194356034886,78.98886247809635,251.5752732187881,3,0.2801142636315099,1
487,50.301406736362104,43.724514006004526,176.7721610126291,0,0.40130239769685383,1
488,43.77677994578407,38.587867820288366,197.2753269240657,2,0.08675697877327442,0
489,85.30712452608847,42.11515528144858,201.5233052325446,1,0.2539858965418474,1
490,73.22459635424175,83.93876155140774,84.81961062814062,2,0.05278232515321481,0
491,59.88041038025074,56.7221278116133,199.16973523434575,1,0.09089501686839879,0
492,82.19916208335039,100.0,158.61633355614958,0,0.20176659618505294,1
493,61.16052461471428,56.53628602013917,170.41263065601368,0,0.1832596165373889,0
494,47.08073698007605,67.76826954795555,286.61792020812885,5,0.06807351205842214,1
495,82.84686115904486,88.13164928851813,124.60958634324462,1,0.28990725094489705,1
496,68.08365065526988,95.09139332238684,248.79231120487864,1,0.3999091386282181,1
497,44.441307685103155,95.92255364954596,183.2622241800915,0,0.1726273058799287,1
498,57.14491982874588,83.12549345889714,183.21438989024995,2,0.07187488107512402,0
499,46.86572619922865,80.36093788717193,247.4223137631027,0,0.035441712798873676,0
500,39.25800403553496,73.88790423801774,220.40307767413344,0,0.6783811442341066,1
501,73.89266321297463,76.67541614249957,234.23677983317185,0,0.03933740297140091,0
502,88.64124960705196,56.732214255071995,258.09107963197164,0,0.0295454230235907,1
503,39.02148639271288,52.72701674866539,180.12149700900062,2,0.15199652353365428,0
504,68.44453855035856,64.94938313883571,163.265795929535,1,0.11858257112233585,0
505,50.2403614631726,62.447230662126074,134.89096840653212,0,0.14488099525399425,0
506,52.69311924352956,58.201579260090874,150.47536820126268,2,0.09623732010971392,0
507,51.11409113641696,75.44581171185072,376.9456655185235,0,0.39131141347130827,1
508,47.04013845480276,79.32957812855766,274.68077484420724,2,0.47559043666310097,1
509,60.72782441917241,66.32610329437772,118.93553802751872,0,0.32699086717725645,1
510,47.535748253834434,87.16295121582893,120.65252259538579,1,0.3021561261275929,1
511,64.05685238669759,47.87466328799742,228.91196370310948,0,0.2675751494675904,1
512,59.246428358262946,62.095108110804226,232.835887842678,1,0.12124802355843017,0
513,56.41577929700385,54.247665190957925,232.93303011904186,1,0.10049736459785798,0
514,46.386545069376034,37.0019507439041,184.70265238677814,0,0.386493955497676,1
515,51.34843004147501,63.75978971235951,192.47274439982598,0,0.11826638658983041,0
516,71.33086838738635,63.17378737425075,219.67277144956145,0,0.16626332720264567,0
517,67.5137578143657,87.70174614863197,205.15358037759984,1,0.18943838097690757,1
518,45.33667132802174,74.46217526832166,66.84197763514788,1,0.34490496140770954,1
519,61.489984581438385,49.63719763506192,186.21202216548838,1,0.24704098916421768,0
520,71.27080685057683,92.81138849501282,148.9156139443812,0,0.20478985870844876,1
521,34.95892078317942,83.31550543288029,210.51268513451072,1,0.13823591451445727,0
522,68.15040288569902,73.73146555202923,379.1155401562046,3,0.5802319226636654,1
523,50.060643615812296,61.60273851725252,222.04889992845827,1,0.0959576272193624,0
524,68.5589800288974,50.6084114491478,181.18821882965614,0,0.1165752072537626,0
525,48.55111265186225,59.416898358934205,255.30809011863514,1,0.10705901805199707,0
526,32.92676849003222,81.33122929556279,228.96127323255277,1,0.4578225150440922,1
527,35.58686343175256,93.26879458901914,225.20566942711048,2,0.24484178263790743,1
528,60.72127419992073,88.14865292408284,236.41103559294027,2,0.3311873318935076,1
529,63.89583752582223,57.667258673205886,323.39261388977246,0,0.15884705919779485,0
530,46.43525062343387,48.205738500664836,132.14669388044507,1,0.30423456687915784,1
531,69.57888688166061,67.11329370366806,228.41792460868726,2,0.07827667243863018,0
532,35.0771990659656,38.473409516557226,144.41713220110768,2,0.33613958838055846,1
533,59.00880302029025,69.84751571277172,233.3307587805349,1,0.1233028830313172,0
534,41.834757003563155,62.78596120551997,144.87880931083433,4,0.1191829805239708,1
535,50.222458382967616,58.00945247197637,174.95799118369493,2,0.16481578802307978,0
536,60.71098006974621,41.07945399099807,182.29460514572563,4,0.24228989438870507,1
537,47.09379952074072,72.70400159854574,258.54900316068256,2,0.053325126561334694,0
538,54.23166683655262,57.009487405071326,255.10726663654484,1,0.07132099462173072,0
539,75.0943921382166,47.451247464345684,125.25695741321694,2,0.19420184127179152,0
540,51.34662195715277,21.916066800775262,203.29604665999094,1,0.26339382226432484,1
541,72.53538168097712,64.58727642424046,157.42520871504965,2,0.24212543871547873,0
542,43.05439718013573,91.58377395004617,124.48970535947993,0,0.12797517043043444,1
543,67.94706266872925,89.91888821821806,186.97897697453777,2,0.22766574823093433,1
544,81.6235293098685,58.14355615120592,181.4910326926508,3,0.2325492227155799,1
545,22.92533249809066,55.966819094573296,345.60298918073136,2,0.11627030287001679,0
546,48.046571167942844,72.03161384112536,225.97758952164176,1,0.20005304317694209,0
547,68.6560819077081,50.02421841217563,117.34294995474576,1,0.14138758209732238,0
548,56.95431920935511,69.52687849729199,166.11355974974347,0,0.26984616466888134,1
549,65.56718810056964,76.49120417577035,261.2829977257639,0,0.05892593238390279,0
550,50.94022219926269,83.40399835826462,325.3065663721955,0,0.10246904755780029,0
551,61.2988468120935,63.49768885280071,104.8410012657225,1,0.2605517337910826,1
552,57.664841469118805,61.94489374734551,87.2045368916573,3,0.2746545685451622,1
553,77.5167309248971,51.830261198651584,312.25791052230693,3,0.1341342381067898,0
554,63.816312649518196,52.5967946894021,223.37685064225423,2,0.07586805031152381,0
555,65.06403993112804,61.602816621477096,147.902436087418,1,0.19523603707970974,0
556,53.82184550816299,70.51048260224267,232.0777451673461,1,0.25093477389436325,1
557,52.6859066389126,78.70376939349875,50.0,1,0.13548418618145264,0
558,53.51162718270569,52.95231573979483,200.20253039582965,1,0.1271447180255049,0
559,65.91678213567445,87.39032853439282,219.6692703705851,2,0.2645156474531695,1
560,53.68523278769605,60.93314598436147,255.45620837226977,1,0.35065353365716195,1
561,64.34662285344619,64.67949058477346,139.16624286244775,2,0.2553136909066724,1
562,91.13101197968157,53.79182481278265,205.14122968420153,1,0.12092011093498871,1
563,73.06687055147539,28.636396095905873,144.47452243642476,2,0.12225517676978392,0
564,55.10964701748238,78.26068094541574,215.32302534045903,0,0.12900094777868465,0
565,78.01820883245918,76.0526584563865,146.27922065821855,0,0.12620960483376334,0
566,53.87886940467673,60.780086643226795,175.51394965038676,0,0.06244894206658901,0
567,29.428131972332192,66.00486075837308,140.25107631258626,1,0.2337520194558677,0
568,44.87870533623894,72.73908826556149,239.0681745094194,2,0.1773861077070599,0
569,31.938121184612164,41.56181214670186,251.5070669993999,4,0.25300788565567367,1
570,54.72729773938037,57.06420983980558,185.92276580255518,0,0.11987735762768223,0
571,60.276275687843274,76.9139701943274,202.2942796976017,1,0.17892700858307642,0
572,85.14655968412924,46.18565865246126,113.08451512198735,1,0.22968407730282617,1
573,64.90391060646245,69.40336898249944,182.01940111959277,2,0.04908214757572328,0
574,56.71349206786704,44.65127293064893,196.9877229774953,1,0.232418101980519,0
575,72.44108371775233,71.9964497365029,357.2475854617985,4,0.3781109851922794,1
576,26.832970364881724,64.46537776553775,133.28197845355018,0,0.1694014855434421,0
577,63.53421837162849,40.77302276141736,287.85063432514625,2,0.2705602511007037,1
578,71.5629779083045,82.47109031685757,259.81152640794846,1,0.03647994084616855,0
579,37.821206313302376,53.981126348029264,216.83818426940817,1,0.2369451905701241,0
580,77.15631064810394,52.84621344478428,305.517229051708,0,0.05267689858828477,0
581,65.07744611241621,68.00853795846415,222.32632835641178,1,0.5485619791118846,1
582,53.77068129148798,82.22956024143073,223.34955174007573,0,0.048625504890804784,0
583,69.49172799159427,49.762672715324044,196.81276081894728,1,0.042638275048612985,0
584,94.06039286706593,65.92519774771958,273.4141329451177,1,0.13823280964714493,1
585,62.72799382587743,71.4322475049586,265.788154028653,1,0.021212264218665202,0
586,63.723308794505044,75.39658410894717,162.45936275022726,3,0.14631163968043315,0
587,53.109586506896335,67.64662332915837,120.84516832407395,1,0.13252765873231426,0
588,47.25233445802812,59.494582413750166,187.82116175626058,1,0.36010179751739996,1
589,72.45503724816368,52.5861466902692,151.99768613614123,1,0.2507725415025623,1
590,47.15874261136699,66.29215824569562,196.18852552307868,2,0.10655995889643838,0
591,61.073493558290885,48.9179148202159,274.24628808104836,0,0.11011160090331876,0
592,52.83513829852325,21.17974274758089,172.5619006947926,3,0.027512189350835912,0
593,67.18469738619588,71.54839706236501,197.4305971213055,1,0.22148681038865783,0
594,65.00493157930423,78.55902261629294,203.4813640885037,0,0.19723923607238864,0
595,75.56309916386849,29.55601346687242,250.9058529323171,0,0.047799380002044665,0
596,52.349754017178796,49.854039429350934,65.18663996092369,1,0.09290901486912957,0
597,55.95187597059943,74.28731391507796,163.5979823140822,0,0.38960015665987885,1
598,45.31854426326539,95.86243204567548,212.67702153676836,2,0.2410250894565004,1
599,53.33560109885833,65.31190561513112,272.0047373856117,1,0.309361248166006,1
600,65.65950739567279,54.07995588156298,170.4858531496277,0,0.24048434224305001,0
601,71.35482924968028,62.256553383427395,87.40683763748756,0,0.0793172804091831,0
602,46.167520137335615,85.62314628722277,237.18268675796818,1,0.06860600537192035,1
603,73.0440888015849,55.310537313131974,161.87825667046224,0,0.11457901735866298,0
604,80.33456788207427,53.0121199002462,128.6200004545783,2,0.05426821945356623,1
605,66.20152354835551,57.758847167269515,162.53927661720655,1,0.37102221334948576,1
606,88.151937188371,50.70007087611931,188.92847854064902,1,0.10146511051422025,1
607,48.39316201344641,66.84005473992194,163.71532012770723,1,0.10851010469691134,0
608,41.33017945032874,89.3701768770434,67.66603657405585,1,0.2717597899684834,1
609,33.319196266435824,69.84618909674043,253.82397181322793,1,0.15044518020002579,0
610,82.44066467233775,61.21469746810568,276.4925024767233,5,0.2891345773981962,1
611,69.81548484531086,60.62283096626684,239.09131948037034,0,0.08781503610101606,0
612,59.16622993634317,41.552137869550144,131.738859774511,1,0.13330110537704454,0
613,64.19952939479731,78.24664665720738,187.91050796314892,2,0.12056440582870304,0
614,43.11766429052435,63.83244204480797,199.60872108623252,1,0.315580876886444,1
615,96.68627969425239,62.29280129614062,235.9276633737146,0,0.2449352768684396,1
616,61.93831772962841,100.0,240.10042932308485,2,0.07584028785809459,1
617,61.64092191907339,69.48129362548529,155.94957207329026,1,0.07489876525471553,0
618,70.88649935848038,53.72313424857224,204.91973338481364,1,0.27944348228974647,1
619,67.2151384760507,58.60463605691685,227.43682427691448,1,0.1046898592742088,0
620,63.35826036418697,82.22668563795132,287.34933932880597,0,0.16667078183118564,0
621,48.142883168320324,66.69905615806647,242.2703923894834,0,0.4604894052543663,1
622,67.07202535703993,43.4258303252395,247.34340124253114,2,0.48293097418915765,1
623,88.2303674471255,78.78843401862805,205.02959767576166,0,0.4239132256301337,1
624,80.18130069232467,54.97783871691509,284.6275487122102,3,0.14735028687977147,1
625,83.89779939959095,93.09946664326318,224.58576775756984,2,0.261135295727726,1
626,52.33176485353222,81.20072098571973,148.33472538958577,4,0.26167578860733814,1
627,45.15592769612129,58.29017156511873,284.20219820751146,1,0.11062135058545003,0
628,58.11319619850528,84.2152454260267,241.87419635234164,3,0.19825879185038922,0
629,60.835873684330416,66.01783265791104,173.41735873229106,0,0.12877902823829443,0
630,76.41287277706422,77.79160512683329,171.2304219560454,2,0.16536190968774508,0
631,34.613030554277714,72.27099225941713,217.7945327084457,1,0.10026402904434527,0
632,82.9432547919092,52.3046501751369,227.79108771605507,1,0.06282996693570532,1
633,57.629881521315156,55.346752515238066,211.8375359378724,0,0.27446884301604973,1
634,53.5967839507887,80.44941226371742,218.67852040657309,1,0.12294410411469324,0
635,44.81843437109749,59.97837001840189,301.99744247458284,0,0.12806028792881982,0
636,35.177149922013456,58.94527305137005,264.29258913409313,0,0.2517277633328723,1
637,72.34755875942872,50.673161309759706,211.43813547590145,2,0.17245379162600277,0
638,61.09976950782606,71.35398598390192,256.478634846049,0,0.14812583692846173,0
639,40.65058650388419,95.93787378864718,138.04856578834762,0,0.09772720343758579,1
640,40.57381841904576,48.9870062861859,223.87562299680854,3,0.18042748066278658,0
641,54.96322951064808,65.36329185009137,308.5583809839866,2,0.265858063530058,1
642,85.0353228793409,86.18330833123144,186.91724627645758,1,0.2108043105474706,1
643,56.10612972954593,63.805379131314275,149.14196428285493,4,0.7385176565181547,1
644,37.45285570322841,71.78557694374601,160.87466668441635,1,0.16020865287803415,0
645,56.313854038710836,49.0640970777968,134.6220177594567,1,0.12923743966709447,0
646,55.90914645378494,71.42460645811472,152.9142855123378,2,0.15979235508745548,0
647,19.546700355876425,62.192836024931765,177.76951408459826,2,0.20787376138190247,0
648,59.18557700223282,79.78594993519795,115.66597884928147,1,0.11739575651684568,0
649,56.53598204686983,82.81079077347127,200.93710003697618,1,0.32671433606526257,1
650,70.44309547220128,100.0,254.13663042719884,3,0.19390053396906382,1
651,87.73434142418017,73.69449759820364,145.53462919118476,3,0.03360727665187698,1
652,76.89847544321637,69.8869447487325,291.1570354185061,1,0.021267112269916476,0
653,55.96666964167754,67.91576452366004,230.64752531165567,1,0.16229350958172395,0
654,43.40211136887494,59.702505607839676,261.8348351374434,1,0.0033057500891535124,0
655,98.60039704874791,70.07725765192536,160.52992676887177,2,0.1955718721096673,1
656,60.888276510217324,60.56897884791456,251.27151362399695,0,0.035737070514366115,0
657,60.20893937869419,67.52691464404421,134.4839659762812,0,0.021740114895906573,0
658,59.638123693349954,84.7639630341194,253.41485005019052,1,0.39227435356447243,1
659,62.971271411517826,49.90186152080538,210.31036038761187,1,0.14870853940446727,0
660,57.834593821140864,82.09817841693568,233.195073199087,0,0.03924601390422084,0
661,51.39506989679646,84.75672601009798,129.4643236625089,2,0.03129546102406228,0
662,51.79711588139412,63.22897209513382,146.2958094634037,2,0.3849838442662699,1
663,59.50870094676002,33.17217651487108,235.8336930952031,1,0.08827637149572022,0
664,51.84862843299352,55.882670193583515,143.09911974654796,1,0.03155936088338981,0
665,49.30731325984253,84.45491819841664,227.7923775259474,2,0.047147209637348836,0
666,61.596453415378456,64.65697906551677,117.97173161238526,2,0.3545070847335582,1
667,56.17534173868717,50.01046651557634,250.89045276000007,3,0.04097083204339431,0
668,82.55989482874033,57.42837618157674,126.04860111388946,3,0.1109202902756169,1
669,20.235452874104823,77.60930039756829,233.1379962607714,2,0.1944944742695833,0
670,76.37260277883692,73.20100352302069,237.53785601876007,0,0.2495619822216336,0
671,78.69127788746444,61.416018512454585,158.1936908942255,2,0.24229211563485253,0
672,28.89914651387776,59.49763382277969,234.9215940250836,1,0.11739348636129639,0
673,54.85968608879477,59.12362776434267,215.62653580001336,1,0.1327613458071739,0
674,54.428387010063126,51.163847232522464,167.66948862843572,2,0.19653039957355808,0
675,38.88732457923268,89.23063534204162,139.4867189554275,2,0.042835275590014515,1
676,48.33274968613687,60.1651929618299,82.24245849964525,2,0.08156114474248015,0
677,43.34136231801257,83.25737781238244,220.97900283798162,0,0.23360906335893622,0
678,86.28405665135435,87.81974077883677,106.11183371827669,0,0.16688033135290395,1
679,74.03517589721191,79.9746634722194,205.7206519664785,0,0.06971998946032855,0
680,79.07332642491238,58.52569530922928,184.19310703506505,2,0.03662714146531999,0
681,70.82508096064853,71.05595135504915,240.7485665262917,0,0.11420232068435807,0
682,43.06422343174156,64.63706590413626,181.87727003060814,2,0.5126941856871086,1
683,52.132196005803394,51.44447208904808,180.23313281917453,2,0.09367352268301488,0
684,67.34061841841877,69.86538922582405,243.91224225729775,2,0.09772058137637366,0
685,41.66808286662082,47.31440313260296,220.10348174504705,1,0.3546040706647037,1
686,70.69497645258582,82.81519082692346,218.96935743096668,0,0.06413636137658277,0
687,56.39511902762798,58.03074054052411,228.15605538851156,1,0.13667793525322194,0
688,54.377687886756036,68.01739483809259,107.86567260757366,0,0.22861116837698003,0
689,70.66439952305237,69.24931807319213,245.40732079921892,0,0.25161447918151814,1
690,66.6639496722906,61.11642539443884,236.74812764081614,0,0.3724567871906702,1
691,54.585507512713804,73.80040702212912,138.99901228541017,1,0.2680148894140619,1
692,77.38994705046372,57.876445150662136,185.3551715795479,1,0.3082766010694314,1
693,43.78405008600154,78.06945946185866,197.64156274234213,1,0.05894432669239307,0
694,69.23903410416395,44.81030479629877,191.93019293589603,1,0.11173304153824647,0
695,68.89651886952575,66.89569369319618,220.03159799411208,2,0.22912908055359343,0
696,55.35680341029015,94.08393498587427,285.882006909871,1,0.23583333524122493,1
697,64.89199533363177,49.995030130916376,264.9060036603697,3,0.2835033109876399,1
698,41.23329635422046,54.83382544212723,121.26684839411563,3,0.09245136806102296,0
699,73.86040528810352,72.70861774488372,237.32419941836292,1,0.12829718832479806,0
700,57.22646795335516,67.69372672909397,279.7359991721246,1,0.4366153024828498,1
701,52.15915469221441,70.25945148910338,223.20851124135217,1,0.11560760766459309,0
702,75.73513838755333,72.33780695221495,265.458825511158,0,0.2629912473085059,1
703,49.43484464185861,74.52082202842655,320.7362267420459,2,0.22090077296743182,0
704,38.873080554546604,81.64549762934334,261.42257276641885,1,0.1149454570927274,0
705,36.65056239714144,71.14727985392769,214.95851573850373,0,0.06596719862918007,0
706,69.0901492701846,61.38113518072186,262.7053084450852,1,0.07450969107333959,0
707,40.793559712555755,75.08860551804096,208.69326998581346,0,0.21788261258871766,0
708,86.32191272976547,93.49822902342824,201.43418259709733,1,0.13263719129817103,1
709,28.771058881744167,63.010493804261394,178.91514585717604,1,0.13023811033798302,0
710,85.44684552435058,50.38206042994038,293.8048015299265,2,0.09736047601115937,1
711,63.16526200803928,81.60621003930459,150.8942800434799,1,0.4207034433171929,1
712,58.549303321944116,63.19428254069603,291.94206348068695,2,0.23690895000354792,0
713,51.826213697865754,32.409956809789456,229.99184742442228,0,0.24112068937950112,0
714,65.98704171528107,77.71132515725633,116.04162951188351,2,0.13705130295855342,0
715,59.435479463627274,56.97007721069116,222.0589575794853,0,0.16444707495389105,0
716,76.54952823024783,63.64200076543759,73.99840954090256,2,0.3686527075827643,1
717,61.7134147299306,69.97970495853522,237.53048100986214,1,0.2806403188640729,1
718,62.25452642192816,67.857495196686,253.11388897933946,1,0.42214763569472447,1
719,54.54581681679216,75.6417772570856,164.4586426608768,1,0.1787771999687816,0
720,59.14581564418399,58.46770444145235,207.41286175733495,3,0.11951302707967275,0
721,64.6170265333809,72.69658697264124,317.24944602501716,0,0.434932465742364,1
722,34.347474110150614,61.106799836241244,169.6551977442838,2,0.1317733049172206,0
723,39.77721866841431,76.08215721331254,136.46554477660396,2,0.1792329302785658,0
724,71.14896141034072,74.23051226019581,288.89980414775596,1,0.18018468847758398,0
725,62.562981571919124,50.96841946933107,317.7552314318477,1,0.2961133273154509,1
726,57.24024995470981,81.28973174262549,200.22174031087084,2,0.24723073512803945,0
727,60.2765089959809,56.96054832328928,260.6877821245014,2,0.17198904117334157,0
728,65.21372558042506,77.12086697421718,280.48855493185283,1,0.38675670443856713,1
729,51.90360479535958,70.50930970102011,155.45094604769696,0,0.08739200549938216,0
730,48.32542911896531,92.57275515192684,170.8816498779279,1,0.4310898825736141,1
731,62.93767882646522,61.64801026442222,273.8524707892841,0,0.4814815638585649,1
732,45.32440833577452,59.760248058227035,301.10085672251057,2,0.16375315103825017,0
733,66.12379133571707,64.708705911684,233.7728516104613,3,0.16571325733485326,0
734,34.46124593643239,60.452303257485866,147.21113878987674,2,0.09079239531200851,0
735,75.43733455988465,76.99912852913076,319.22366670196647,1,0.34494025729607813,1
736,67.08896223619564,40.75534087345118,168.14174613128213,0,0.46965855689303243,1
737,63.840446014708135,49.194763712804686,179.8917331297129,1,0.1739056275945385,0
738,74.74036475918271,48.9829561763121,220.5402700693773,1,0.3084746258187336,1
739,84.98211666693865,79.25461387960364,293.24962524288645,2,0.2140503123149386,1
740,75.21555097527195,90.65920058872888,251.2385585931334,3,0.11875890102203195,1
741,32.38688653002532,63.433261721937924,224.89193002171461,1,0.1528265336712642,0
742,40.806345498964475,62.46767415214984,227.79731180708637,1,0.21024471517527032,0
743,50.62772133456482,66.05078244669772,202.61088011860795,1,0.36740113704424116,1
744,60.3913657531625,82.42817453912286,233.48837087111036,0,0.41279709647357704,1
745,67.76488530703685,51.089702987141386,50.0,1,0.25763234785364847,1
746,49.11384280269802,68.57553474102178,182.2035524558121,1,0.06478621311568088,0
747,62.80150146715617,79.62796444673644,214.47931609500685,1,0.27806249178664294,1
748,48.66925601470016,72.51641254909768,130.93915498282956,2,0.39290462890901645,1
749,50.82723295512078,67.84372424898115,223.1793990686936,1,0.06196180083216857,0
750,38.900083547276665,80.01569138850712,187.7317267408327,1,0.06405284359786695,0
751,46.151501308336435,24.451515605011444,305.3285418989294,2,0.22973090701270746,0
752,39.724730915754996,75.16812979296361,294.38118351289137,0,0.3361973328886689,1
753,45.36190120534001,55.188864753088644,172.05166585291022,1,0.3519523228074477,1
754,75.80462694911759,37.54050654715314,190.94973730599827,2,0.0776556787382116,0
755,45.759016667520854,72.66803899287471,195.56314606349645,1,0.2018996159611977,0
756,99.48573097256086,85.60487817744436,172.90043143042263,2,0.11536314386295797,1
757,67.39976851321333,62.93827228058462,211.7014990416876,0,0.08098641468172006,0
758,62.77254185542311,79.29311820804408,154.50307586674458,1,0.17655126244404795,0
759,47.1246332972818,89.18417386982968,132.16307990374844,0,0.4160117698970314,1
760,70.50464819113488,84.72371680376071,237.36267343401613,1,0.26900682288458505,1
761,51.36543260643339,89.59946794057089,237.77177505330866,1,0.03532347214555776,1
762,61.83014721968042,76.13191236607838,151.74105442040047,0,0.04758752839243496,0
763,98.40126807403192,66.13150458352389,253.72132584575598,0,0.17082199048328045,1
764,58.559101504130254,40.97051282154247,162.10533625008011,0,0.2409300459848632,0
765,77.23909989428513,61.30906267805077,215.18991428227886,1,0.24333181024652095,0
766,49.45235362311169,52.35130107025712,249.22064075674737,0,0.20365576814307268,0
767,59.47517264254557,97.5641407624672,197.9832461177772,1,0.04657376121737368,1
768,86.56200953453265,62.36171281351495,227.28445472846806,3,0.012625705303576007,1
769,50.59549413318349,66.84807210176729,169.0142213667457,0,0.06331479591802472,0
770,87.18672836995393,73.27228064060701,188.21200499431416,1,0.14985370889958471,1
771,70.61627903183214,65.65403669558681,187.6484341471796,3,0.46811222549649545,1
772,51.56299836158598,90.4257656064613,155.20529920758565,1,0.16200747346015715,1
773,69.48611608583282,55.66025957398322,189.39355021305306,1,0.048492120502178694,0
774,74.58831674440094,67.91911182855864,107.0829020681752,1,0.34516857666202483,1
775,69.32714943325794,53.86294121452927,170.53077517147372,1,0.3539072481214267,1
776,36.446629201643155,45.19966233168941,182.90747039781974,2,0.1489132736666513,0
777,49.09294236262697,55.82346363642072,184.6292148502772,1,0.17722402584041128,0
778,56.287220466727426,64.44444804427383,185.51015324775327,2,0.14725321134678424,0
779,58.88349856349931,58.5604666322411,196.29414800839226,1,0.13906834393572334,0
780,69.31008146326018,54.61368530189216,228.76649108516384,3,0.40100975760707486,1
781,62.66551501399881,43.90523804492249,252.47102444795135,2,0.1387322529261154,0
782,39.96983461934848,63.75341641056958,161.01408638910397,1,0.0816228976727215,0
783,65.70296776508945,42.42919438953497,127.80794867665134,2,0.21840246230211985,0
784,69.15878617925735,76.40083945534404,137.4773352654138,2,0.1729931983940753,0
785,68.3968567189656,66.23659629401755,170.76782472830436,0,0.09094348200458051,0
786,76.21171088331933,43.13672750802604,178.88472093100944,1,0.052375382795540694,0
787,72.50883231823356,60.36186384425205,153.80023602815257,0,0.33864722805813635,1
788,66.88770118842655,53.71765391614125,122.23300014500633,1,0.15587323954397067,0
789,58.94751432812029,69.78761765628771,172.6327503515487,0,0.10681209545962403,0
790,35.085585997260125,85.10675669034717,210.88559720683827,1,0.23358321262978626,1
791,66.44427328698879,36.872412955313834,235.7017679501339,3,0.5079748603432265,1
792,63.115315307446664,66.72539118721126,166.55461681350073,3,0.16777517769673062,0
793,64.0736825579306,62.59800806650039,175.22013067139395,3,0.1266750642897943,0
794,40.84877136269536,75.07010114675698,144.39810146916136,1,0.2007355662646873,0
795,43.784151893876064,68.19794942356533,198.11364977751342,0,0.1938735056172434,0
796,75.79729279999356,53.72046002391771,149.09428194855113,1,0.2788332054039467,1
797,59.406672692150174,60.214190965000725,234.387668794472,1,0.2960561377576987,1
798,70.22251046058936,53.05961214794766,92.84801048395333,1,0.07294553353560909,0
799,60.42477564195692,81.14010707897897,178.42221965285225,2,0.4597660307357738,1
800,60.446342092436176,65.31967473007913,218.06644035150453,0,0.20829318070815114,0
801,74.07425708963997,93.5178602862951,211.03007097935026,0,0.3001222084837849,1
802,52.25932907673939,64.0900877927807,361.5820198388298,2,0.2766443475246407,1
803,61.44181165411475,54.37389849634306,220.98800147407445,0,0.13134764158771,0
804,53.06587066942436,42.294284110807595,139.75672418947937,3,0.30877003582197093,1
805,53.482556588515266,37.95290485616083,194.2721451746556,0,0.08593469556463992,0
806,55.36241814797041,41.23796085491765,93.4252199920129,0,0.03799615814605593,0
807,63.33200657450569,69.00689976517225,195.16401504219434,0,0.09548554874752638,0
808,52.818770675047844,72.63087534844901,150.01663657995448,0,0.07216455122553697,0
809,78.83634188360281,41.282139469518,254.9234165336097,0,0.11339271766731261,0
810,46.580890466707444,78.42557471114173,167.0275835242679,0,0.32525114064629235,1
811,57.196925337579614,57.75408422474841,192.9940450522852,2,0.18545814960888624,0
812,53.40403412588738,67.20189517978324,161.8665295157358,2,0.01996026461446787,0
813,81.704668265306,89.18330942383136,304.33108111119986,1,0.4193122247535715,1
814,62.94832164767362,78.45258973798298,180.7254340329253,1,0.11819710642960458,0
815,75.47766809202952,60.97204028141252,309.95342260875213,1,0.18157329012961165,0
816,37.716594404445416,51.63211661877069,248.849105727096,0,0.2972377879456776,1
817,64.00575398803889,32.72276898006042,228.92400364012317,1,0.5211643445565817,1
818,73.34446193435156,54.212700211363696,222.12398883905118,5,0.12442590236774653,1
819,61.23425983913136,61.83304641758458,223.6278378929751,3,0.38244477469629923,1
820,75.98220562598027,50.19230709273224,84.3396452392634,3,0.13565621744412756,0
821,52.24067324849442,63.031145493615426,183.2669963509546,0,0.32121896636633107,1
822,81.1402116027837,66.15277824438152,250.7094782710593,1,0.2672234463673738,1
823,94.48347185428875,61.627160272878825,197.06616899155367,2,0.13102705685121238,1
824,54.55742159340512,55.249961287648105,115.6886091917855,1,0.2707712891540665,1
825,53.31746217898842,67.52982007950092,196.85573296535182,2,0.38737373866210567,1
826,81.80076715676552,71.62910974354114,302.24633097532944,1,0.3024350320313684,1
827,83.69358218596068,48.64401383835731,274.81350293208317,2,0.2985178239002547,1
828,52.15709959270097,86.16398569619405,196.2797594380381,1,0.2165911437449999,1
829,53.69719774356214,63.521178015736076,257.0869566234852,2,0.164419207263124,0
830,55.773230867092394,65.28274434417271,178.0095787779169,1,0.2932405396324981,1
831,39.833242334485846,75.62321634884836,97.76770479039686,1,0.38050551090412854,1
832,46.220220802737025,68.49824196895253,144.53204071222675,3,0.02935454980850261,0
833,44.93788849871898,79.29704950869868,293.7733261104919,1,0.15187898161054014,0
834,48.483036523438074,69.30686247802737,183.56041509024175,2,0.2832708363843373,1
835,59.47972668919828,55.81343938039343,185.3969612374989,3,0.1406228051893761,0
836,63.51322098804781,70.42255287809152,182.00970822350718,1,0.26133882718886026,1
837,83.25750739221115,47.844106890190076,314.24819537438043,0,0.15396745849391688,1
838,45.024689388918134,66.62839558664784,297.5575349217238,3,0.2100649365018268,0
839,74.76483597714875,64.5015501403331,333.126814006888,2,0.07907254059639542,0
840,56.790167336617365,61.8782471409119,190.4572873759969,1,0.18195110453206656,0
841,59.25804435521351,63.07193732841604,217.7374693248257,2,0.47420866847301707,1
842,70.12229238249905,36.77226431753542,109.00144703475253,0,0.27189407900866597,1
843,43.159169676565526,56.76912638388558,288.6160655670965,0,0.3551612007995129,1
844,65.73614619276076,66.39267351711672,129.93322692392388,0,0.3541984333514575,1
845,62.49678312319584,67.39784587996101,213.00653382575774,2,0.1008240738310876,0
846,67.38676896012224,49.58487288611063,134.16184834202937,0,0.5001812563700461,1
847,64.33752965861727,83.98561761297051,164.66799039567823,2,0.29518697261723015,1
848,96.82950209866341,52.007377276782485,149.76425413701799,1,0.021821905934920668,1
849,50.43390023623026,79.54185800790106,163.52748435945094,0,0.2676103170747754,1
850,52.035045674972736,71.40791542807527,167.65263781106128,0,0.1588434722506588,0
851,50.65289210362853,55.30659035234295,167.10387230449538,2,0.33757514131699873,1
852,51.66784321259618,91.62966338914268,250.00003470681844,2,0.43142777138764665,1
853,50.439193090402235,47.095447523652794,133.7082324162488,1,0.24807704146475884,0
854,77.83524796661328,78.78731260415002,213.23248562083202,0,0.16181011397906991,0
855,81.30756371984782,80.00873477064468,273.0775491383335,4,0.06061448567578697,1
856,51.438805593757856,54.94069686385033,169.20821812919624,0,0.23147251148931403,0
857,47.51466640343657,85.88697950096493,156.9248665551439,2,0.3176219724877685,1
858,67.07123334579606,61.24930228101571,186.16852248918494,3,0.10032381435049245,0
859,51.716654335785435,69.33040443919785,270.7835125016426,2,0.19492361084790852,0
860,69.49397726633266,68.90482758156831,211.64645785720145,1,0.6221150002405198,1
861,63.0438453127695,62.98536887794178,168.1271423235441,1,0.10289841335728052,0
862,37.26383827504152,77.16212409739673,229.0325990712824,1,0.48957524108495437,1
863,83.21257801995093,76.9023308082832,133.8624710098146,1,0.14679264002679435,1
864,86.93816509643283,38.772020401427284,240.8815706265769,0,0.12912905093851487,1
865,50.80816964273421,84.56510364317229,224.51643846210607,2,0.29149438557717117,1
866,54.18447660096024,40.062620179464886,181.53149173166696,0,0.050026904218966835,0
867,64.28798086087357,80.48819306512486,149.68485209316614,3,0.28286731455564246,1
868,65.01685184980538,81.90057705241375,146.79914466299255,1,0.08461321411432493,0
869,69.87816409009245,48.63550354677203,232.0890401807546,0,0.06041396239348097,0
870,90.15306808149525,58.83778568068123,273.7388301493437,3,0.520792435522308,1
871,57.34579158758926,48.41442997271096,161.7615351782723,1,0.13269592586530451,0
872,48.02554133192319,61.77618454566897,227.50320221308905,1,0.1746681849551227,0
873,39.31021157978209,60.379485737213884,74.77837888387587,0,0.5297994061455937,1
874,49.036049400871214,76.6949079840401,164.92293616056804,1,0.2692897051410331,1
875,59.503095406893046,84.65463119179412,198.1364640277459,0,0.35967959027735036,1
876,86.91836795276681,85.93525716184934,145.41899498108998,1,0.20475802659179593,1
877,52.235830514457426,56.567479601325466,143.80961751262424,1,0.32606546679301673,1
878,63.35681927458348,61.86167189383208,159.93322661186681,2,0.08494800988407974,0
879,59.753656558908716,39.74842711668575,217.5315636995824,3,0.24148684332564171,0
880,77.82589910172126,52.911949002557165,188.7602588956175,1,0.2199765379155807,0
881,97.90398638810433,79.47277449646187,65.70612600050168,1,0.13884513385305808,1
882,52.03696840619519,89.23374235322348,72.75799084189603,0,0.251658156722784,1
883,52.658408362226666,46.48476692180117,163.58808932856948,0,0.23435537871002488,0
884,75.66241315603608,56.11303611270659,227.46119516321312,2,0.16075429052430626,0
885,70.22837234439467,64.60391364561609,50.0,0,0.04739073457066824,0
886,87.7006098860405,69.2024173822941,170.01618943090216,1,0.29723171570696477,1
887,68.75892277988946,52.85594720117531,168.42512860895474,0,0.10178735455815902,0
888,54.610618638194104,71.36091566696135,283.30026669250685,0,0.11226158667317385,0
889,68.85982246038463,57.89240979393626,176.8986912972282,2,0.13237031023628584,0
890,76.63055370874362,64.78321593682581,222.97933908445572,2,0.3458410474446547,1
891,72.30723271796046,73.19426372005549,208.47542840524778,2,0.3975612767981349,1
892,67.60911046660947,65.09633404716406,72.16601121156796,0,0.10888372346590415,0
893,76.00012034383731,58.45421164210147,246.09243299790424,2,0.25105845396445947,1
894,77.5394338566851,63.35585294111254,212.92379032737728,2,0.1166964175426679,0
895,80.7323848655629,63.67455561191997,230.49611838047537,5,0.14472776521445602,1
896,69.73064831384464,59.449834551768085,435.5742623861796,1,0.0503458217269828,0
897,57.493228795247184,61.11805905999346,74.9532236300847,2,0.03199234726068716,0
898,62.20070529649984,88.97970755757075,303.4817989856665,1,0.22862384759017387,1
899,78.09763449762535,73.41379171911858,182.75314883597866,1,0.11195728101628245,0
900,47.74596493519146,60.56779522956259,217.23973426418056,3,0.14113364424926983,0
901,65.53009963309351,75.45431606766104,197.26926528192547,2,0.22502561694649284,0
902,54.09991781508959,59.99270765365985,174.5458199961174,0,0.17937679227115763,0
903,60.431172344022265,82.59686956379961,165.81002430567446,0,0.14767650086345915,0
904,79.17677793910948,70.54463288297141,219.77052413438054,3,0.2987813957200907,1
905,62.86648602029855,63.39046783993657,108.96957819969926,1,0.04424347846438567,0
906,60.69654822234223,71.71575388715416,245.03475005130593,1,0.3566433134448974,1
907,39.60215788530121,41.43685771897251,175.02833570688477,0,0.1410522226844054,0
908,71.19380349040831,48.09848796635292,132.19583965757852,1,0.20515102099428342,0
909,69.68226271711613,47.091124904014166,172.99922852025117,1,0.2398010177618222,0
910,92.4488208495819,67.1441464214556,275.4289530117544,1,0.12350075777432928,1
911,55.38332647570499,90.98772499227638,167.8798947790266,0,0.27750845159228854,1
912,63.287254914959085,98.46950219288948,221.5072170925772,1,0.15798381013104812,1
913,63.74075525566133,74.57076652161136,156.1426234570716,2,0.01814123972471865,0
914,83.66179919645211,72.51266712416685,245.47531099541717,0,0.039097822805996586,1
915,58.57056701419572,37.984133987708915,241.13046432741226,3,0.1765275116315173,0
916,64.18532288655508,56.859893003989676,310.91652999778466,1,0.079482888022954,0
917,69.11844764574809,53.183243721376414,189.46616327004708,2,0.15960540850658944,0
918,62.79913684734537,55.68728602623326,240.1192882854744,0,0.09274656057284941,0
919,53.30349578174208,62.47784272122816,205.88405237233667,0,0.2728068628429249,1
920,62.911349893474615,57.91864133454309,277.75230691178086,0,0.2944106685631377,1
921,76.10447624789659,35.310502844363185,156.87005674347617,2,0.07387319134360684,0
922,44.602270508834096,76.218653841763,244.70031877263688,2,0.10565766555569676,0
923,61.99454511220314,48.9088546139029,188.3181622329991,1,0.1447749522580569,0
924,49.4981877759124,68.58870296166724,196.14870937349014,2,0.1728858253579716,0
925,77.92569943387264,96.1112400462496,205.50514906690236,0,0.015178423578959653,1
926,37.15219642824338,51.20923112620365,215.13442378560063,0,0.22023117105592427,0
927,51.61617229092617,27.045687158805052,193.0262574126825,0,0.022790557559404963,0
928,65.65817812596781,60.70993667179834,212.88279099023157,2,0.12382585375125237,0
929,83.4828604385151,81.51439452497857,294.6870834537311,2,0.1315598424962451,1
930,59.01374608390518,94.37521181330891,259.1269811369131,1,0.0389516260659372,1
931,51.67200709960203,46.55675608321375,252.1492755498138,1,0.11822402012185769,0
932,88.21735604160885,72.45048834854782,172.66762843856776,0,0.12878704748596015,1
933,38.279791493756335,58.0203431482992,146.64555030630055,1,0.3343438036923328,1
934,27.017910650698774,63.410774685437964,257.3180334942652,3,0.24791714685292196,0
935,66.60021675079999,100.0,252.56280755178767,3,0.04436003462756735,1
936,52.46918663471083,42.4554450740727,288.3602405450589,2,0.26184726628350175,1
937,44.681507743039305,68.8060949224186,163.76116244184624,0,0.05167264651222549,0
938,70.6253467094903,72.01539757648149,186.22708067837917,0,0.08445380036328279,0
939,63.65701070656798,81.2867948740902,101.63095024847395,0,0.07407600627111718,0
940,51.538820538949075,66.46974730206342,176.45173363634763,1,0.47331703317143425,1
941,40.79543401993658,69.62075809256153,259.79423063476685,0,0.1742439492136965,0
942,73.08685992420217,59.125271488673135,172.01027724630814,1,0.17388980701603968,0
943,69.75301766937991,69.0369041186766,238.42878771204943,1,0.2027584612526079,0
944,58.51236204330926,59.85211586753884,188.56981364013131,3,0.12470286987678986,0
945,87.69955494071499,74.32357834784077,219.44342169329363,1,0.09827442984962526,1
946,43.94872850510771,59.45584495934549,131.13851661105997,0,0.042692398598959465,0
947,37.117122436128916,70.6565059085328,205.11256697803407,0,0.33106124761305644,1
948,49.62137895178133,64.56105779472533,50.0,1,0.3975434806332341,1
949,59.31620975466753,81.89075376158252,188.78623051028092,1,0.11947105023972071,0
950,63.65009173984038,64.22909414617271,102.1716053770916,2,0.23454165525633056,0
951,56.38145913215505,38.40451297689678,272.35967099280896,1,0.5521076925383593,1
952,65.28083094771445,83.92882251070988,246.64444116587066,2,0.10341525039286596,0
953,41.22690863714334,51.414015487060716,228.00025891796486,0,0.10555767645239154,0
954,81.65646906109889,55.1935049202677,291.2603736295628,2,0.3595288741532489,1
955,58.76773232411147,56.065080589347616,143.06500875050978,0,0.026959676645898056,0
956,76.75943747382192,85.61657139756227,304.8417918749335,2,0.19039658961904965,1
957,65.14088019566556,32.96488679031957,255.93149385562307,1,0.3446447881235572,1
958,66.85129828730676,100.0,185.80668276686325,1,0.061226967260270784,1
959,68.54650920348305,80.84085213599077,268.13720883097665,2,0.1565393521781726,0
960,66.71562840025973,68.3485837119374,133.62238925530195,3,0.39272611575410254,1
961,69.64084139801315,64.1765899907557,150.52915030833958,2,0.11382687037540222,0
962,79.93728795198646,69.28331112286486,163.484616605618,0,0.06080112067977594,0
963,62.94781754552205,72.81683642569007,168.26133751615907,1,0.16133029698375703,0
964,70.63505636382769,74.67823378925085,136.60654143438484,2,0.25866154177858286,1
965,58.6539645856916,73.33406699005172,273.3849840257195,2,0.22281040392785767,0
966,81.6017582317421,66.34371021882873,184.4687359778101,0,0.20602221874579424,1
967,49.85411546911095,62.03992369539011,221.15029810141277,1,0.5591700834279951,1
968,87.01410649366224,62.730900745197324,165.77891801517916,1,0.09698357454162775,1
969,59.39763074033485,62.07637579470978,90.76380196708897,1,0.139560814199936,0
970,38.53837346822928,82.00655145300597,216.20344150348532,0,0.2931827133223459,1
971,61.92156622366184,73.90335083421293,85.26470147481339,2,0.15572294131437525,0
972,49.78422513787679,20.894170480035797,195.8819572348719,1,0.2839038933778503,1
973,72.60965323483086,74.83851164794642,117.90109767003138,0,0.533505542456569,1
974,50.210640310464136,67.92104292078162,319.2365599538485,2,0.12022712290571008,0
975,53.307248501778304,64.71936865331153,254.6817633304833,1,0.1480827330240769,0
976,31.656889035817034,59.17222320366671,206.3452274762888,1,0.2569796622038034,1
977,53.21540521126385,81.86169079979021,275.8224006592801,1,0.10790267967328021,0
978,23.64181010056565,79.21289693184286,149.22104135205586,3,0.08108511814481047,0
979,36.24145764771415,53.40683498264586,232.6087627202056,1,0.25779557387193647,1
980,71.40621984216446,71.10578430686803,211.9886260231228,1,0.22918757040527207,0
981,71.78700237976248,50.42514898188071,215.8412048800202,2,0.1464596952369734,0
982,66.38186342677447,44.305727528166045,276.3412100064061,1,0.20525250903804398,0
983,45.495357853061805,55.59924163115052,243.94952616678813,0,0.06535915920003271,0
984,59.2843296578703,77.93590208574138,217.32341976950138,0,0.3417334640479012,1
985,59.945961913641476,79.2968756806413,100.70675382630223,1,0.13735460764528806,0
986,42.624529662111854,72.6962813014594,142.39722228323217,0,0.15107698907958209,0
987,82.55097452650726,75.87643680271995,192.63746398425656,2,0.6084341637292152,1
988,73.16043435863507,72.74267430672438,205.60234245659908,1,0.045180750494454525,0
989,56.68553739255504,55.37777607165572,132.18777651956458,2,0.11204683263853438,0
990,60.40328758491796,71.47883817010911,344.70060053470525,0,0.059636175092595486,0
991,63.125742119213285,77.00614287841523,290.98364331521435,2,0.2261094660614014,0
992,29.373976973635642,76.31436994720362,236.127099223549,1,0.1779831180848669,0
993,56.29233926219105,82.83370057211964,204.32221167702468,1,0.04191109313519035,0
994,49.77023628003302,75.62455770801596,187.2674618059309,3,0.2692676862617484,1
995,44.975699851576266,70.27172311312374,142.88489239866587,4,0.22624256648385468,1
996,55.78349560671067,81.05225357474642,204.64883111113176,3,0.14611103034240167,0
997,86.96529790274283,64.6021811112641,215.46515240856505,2,0.2782854657749888,1
998,69.61264291900514,51.771880231584234,125.49436547110254,1,0.1666425951458178,0
999,51.432315153258045,62.553995540843545,220.05058503469385,0,0.2358831661015014,0
1000,68.58874172034238,53.82646032790326,190.68445707051507,2,0.48928057996191177,1
